Customer ID,Recency,Frequency,Monetary,RFM_score,CLV_Tier,Predicted_Tier
17067.0,725,3,454.54,6,At Risk,At Risk
12801.0,501,1,1071.82,5,At Risk,At Risk
14237.0,373,2,632.14,7,Mid Value,Mid Value
12658.0,19,1,686.05,9,Mid Value,Mid Value
15473.0,14,8,2046.0,14,High Value,High Value
12620.0,15,3,1339.41,12,High Value,High Value
13734.0,509,4,6701.640000000001,9,Mid Value,Mid Value
12536.0,43,3,12601.830000000002,12,High Value,High Value
12727.0,11,10,5679.53,15,High Value,High Value
15793.0,15,8,2399.57,14,High Value,High Value
17376.0,71,4,453.64,9,Mid Value,Mid Value
16051.0,682,1,188.44,3,At Risk,At Risk
17880.0,365,3,824.9200000000001,8,Mid Value,Mid Value
16477.0,64,11,4320.02,13,High Value,High Value
18165.0,177,1,302.46000000000004,7,Mid Value,At Risk
14675.0,16,2,1066.9,10,Mid Value,Mid Value
17008.0,429,1,81.36,4,At Risk,At Risk
14910.0,3,4,434.35,10,Mid Value,Mid Value
17269.0,386,1,537.46,6,At Risk,At Risk
12840.0,144,7,4041.97,12,High Value,High Value
12638.0,33,2,921.49,9,Mid Value,Mid Value
15734.0,115,4,2263.3,11,Mid Value,Mid Value
13723.0,217,6,1209.2,9,Mid Value,Mid Value
13205.0,443,1,2803.2,6,At Risk,Mid Value
15275.0,38,1,615.14,8,Mid Value,Mid Value
16907.0,29,9,1707.9,13,High Value,High Value
14779.0,281,3,386.15,7,Mid Value,Mid Value
16047.0,682,1,107.14,3,At Risk,At Risk
16790.0,4,6,1545.6200000000001,13,High Value,High Value
17515.0,31,9,1617.46,13,High Value,High Value
15760.0,631,2,13916.34,8,Mid Value,Mid Value
13010.0,374,2,330.12,6,At Risk,Mid Value
14584.0,169,8,1747.91,11,Mid Value,High Value
15960.0,374,4,410.95,8,Mid Value,Mid Value
17096.0,15,11,3759.18,15,High Value,High Value
17036.0,383,1,176.9,5,At Risk,At Risk
12351.0,375,1,300.93,5,At Risk,At Risk
14768.0,17,2,192.60000000000002,8,Mid Value,Mid Value
16799.0,432,2,495.98,6,At Risk,At Risk
13726.0,39,2,1079.6599999999999,9,Mid Value,Mid Value
17979.0,36,4,757.71,11,Mid Value,Mid Value
12375.0,11,2,457.5,9,Mid Value,Mid Value
12832.0,32,2,383.03,8,Mid Value,Mid Value
14510.0,376,3,1007.28,8,Mid Value,Mid Value
17680.0,24,3,497.45,9,Mid Value,Mid Value
15235.0,218,16,2937.81,12,High Value,High Value
15116.0,18,4,1352.75,12,High Value,High Value
17820.0,374,1,183.56,5,At Risk,At Risk
16653.0,16,2,1212.66,10,Mid Value,Mid Value
13220.0,78,5,1336.0900000000001,11,Mid Value,Mid Value
16457.0,218,1,208.36,4,At Risk,At Risk
14581.0,17,2,433.8,9,Mid Value,Mid Value
15985.0,123,7,2715.28,11,Mid Value,Mid Value
13543.0,634,2,1439.6100000000001,7,Mid Value,Mid Value
16396.0,476,1,137.8,3,At Risk,At Risk
12630.0,10,2,1270.88,11,Mid Value,Mid Value
15669.0,40,4,684.34,11,Mid Value,Mid Value
17473.0,409,2,607.0,7,Mid Value,Mid Value
16360.0,5,6,3512.53,14,High Value,High Value
12735.0,315,2,779.5699999999999,7,Mid Value,Mid Value
13275.0,384,2,241.66,5,At Risk,At Risk
14944.0,30,19,9784.67,14,High Value,High Value
16488.0,33,3,498.8,9,Mid Value,Mid Value
12894.0,575,1,157.35,3,At Risk,At Risk
16622.0,544,1,225.4,4,At Risk,At Risk
13346.0,463,6,299.4,7,Mid Value,Mid Value
12399.0,119,7,1962.3,11,Mid Value,Mid Value
16048.0,373,4,1075.23,9,Mid Value,Mid Value
15586.0,593,3,1139.1,7,Mid Value,Mid Value
12815.0,148,2,1063.46,8,Mid Value,Mid Value
15237.0,2,4,1412.32,12,High Value,High Value
15702.0,476,2,140.39000000000001,4,At Risk,At Risk
16980.0,255,3,1473.3300000000002,9,Mid Value,Mid Value
17350.0,8,7,1906.041,13,High Value,High Value
15110.0,24,6,1505.8500000000001,12,High Value,High Value
12835.0,428,41,6043.31,11,Mid Value,Mid Value
14028.0,550,3,10396.5,9,Mid Value,Mid Value
14982.0,572,1,237.78,3,At Risk,At Risk
14811.0,387,1,170.5,4,At Risk,At Risk
15746.0,134,1,196.88,5,At Risk,At Risk
17325.0,280,3,609.5699999999999,7,Mid Value,Mid Value
16093.0,107,1,17.0,5,At Risk,At Risk
14301.0,117,4,1992.18,10,Mid Value,Mid Value
16165.0,505,1,79.9,3,At Risk,At Risk
14435.0,502,1,90.42,3,At Risk,At Risk
13522.0,30,1,125.80000000000001,6,At Risk,At Risk
14554.0,10,4,2381.04,12,High Value,High Value
14555.0,57,6,2315.63,12,High Value,High Value
13436.0,2,1,196.89,7,Mid Value,Mid Value
12696.0,435,2,851.91,6,At Risk,At Risk
18112.0,12,4,775.96,12,High Value,Mid Value
18132.0,504,1,226.9,4,At Risk,At Risk
16852.0,10,2,144.91000000000003,9,Mid Value,Mid Value
14750.0,736,1,112.03,3,At Risk,At Risk
14207.0,688,1,157.8,3,At Risk,At Risk
17466.0,10,2,763.28,11,Mid Value,Mid Value
14371.0,295,1,100.5,4,At Risk,At Risk
17699.0,477,2,442.0,6,At Risk,At Risk
18259.0,25,7,4318.200000000001,13,High Value,High Value
16721.0,262,1,292.47,6,At Risk,At Risk
15398.0,16,2,1345.53,11,Mid Value,Mid Value
13725.0,50,8,1980.56,12,High Value,High Value
12960.0,414,4,1322.07,8,Mid Value,Mid Value
14091.0,654,2,9530.08,8,Mid Value,Mid Value
14483.0,282,2,257.1,5,At Risk,At Risk
17710.0,424,1,293.5,5,At Risk,At Risk
14913.0,36,8,4073.13,14,High Value,High Value
17545.0,43,6,1448.54,12,High Value,High Value
15844.0,46,1,130.73999999999998,6,At Risk,At Risk
17157.0,8,19,5151.9,15,High Value,High Value
12509.0,284,1,176.5,4,At Risk,At Risk
12732.0,180,1,236.26000000000002,5,At Risk,At Risk
17019.0,11,11,4012.2,15,High Value,High Value
16647.0,170,4,541.9,9,Mid Value,Mid Value
17173.0,5,8,3766.6,15,High Value,High Value
13363.0,18,3,1723.86,12,High Value,High Value
15075.0,78,1,773.03,7,Mid Value,Mid Value
13461.0,39,6,4160.0,13,High Value,High Value
17558.0,393,1,259.17,5,At Risk,At Risk
14048.0,305,3,748.69,8,Mid Value,Mid Value
13186.0,40,3,1575.89,11,Mid Value,Mid Value
12390.0,80,1,549.84,6,At Risk,At Risk
16135.0,263,2,819.45,7,Mid Value,Mid Value
16539.0,3,10,3732.01,15,High Value,High Value
15828.0,375,1,1108.82,6,At Risk,At Risk
15066.0,53,1,893.59,8,Mid Value,Mid Value
15771.0,604,3,1006.54,7,Mid Value,Mid Value
13818.0,430,1,61.28,3,At Risk,At Risk
12556.0,50,2,603.71,8,Mid Value,Mid Value
16275.0,197,3,2151.11,9,Mid Value,Mid Value
13565.0,19,3,414.8,10,Mid Value,Mid Value
14673.0,3,7,3410.81,14,High Value,High Value
12695.0,7,7,1407.1200000000001,13,High Value,High Value
17904.0,21,1,191.67,7,Mid Value,Mid Value
13858.0,57,1,216.17,6,At Risk,At Risk
13702.0,446,1,135.18,3,At Risk,At Risk
15739.0,66,1,449.12,6,At Risk,At Risk
13569.0,17,4,893.78,11,Mid Value,Mid Value
15680.0,9,10,4507.58,15,High Value,High Value
12550.0,79,1,964.83,7,Mid Value,Mid Value
17993.0,617,1,235.19,4,At Risk,At Risk
17433.0,88,2,569.96,8,Mid Value,Mid Value
17919.0,88,2,1840.32,10,Mid Value,Mid Value
15101.0,9,6,1477.94,13,High Value,High Value
16638.0,23,15,2430.53,13,High Value,High Value
16259.0,410,3,361.94,7,Mid Value,Mid Value
14086.0,463,1,39.95,3,At Risk,At Risk
16168.0,11,66,10636.47,15,High Value,High Value
16134.0,22,5,2145.34,12,High Value,High Value
14468.0,734,1,204.24,3,At Risk,At Risk
14814.0,581,1,160.46,3,At Risk,At Risk
15596.0,101,9,3130.04,13,High Value,High Value
13620.0,528,1,112.34,3,At Risk,At Risk
14755.0,10,25,9972.550000000001,15,High Value,High Value
13261.0,269,2,944.1,7,Mid Value,Mid Value
16249.0,53,5,1800.07,12,High Value,High Value
18115.0,698,1,9.700000000000001,4,At Risk,At Risk
15737.0,15,8,1205.1200000000001,13,High Value,High Value
17956.0,249,1,12.75,5,At Risk,At Risk
13878.0,55,4,2473.06,11,Mid Value,High Value
16723.0,91,4,1301.63,11,Mid Value,Mid Value
15449.0,26,3,974.52,10,Mid Value,Mid Value
16402.0,265,2,511.4,6,At Risk,Mid Value
16018.0,39,4,698.13,11,Mid Value,Mid Value
18131.0,632,1,222.95999999999998,4,At Risk,At Risk
14065.0,389,3,891.02,8,Mid Value,Mid Value
13519.0,78,2,343.21,7,Mid Value,Mid Value
13792.0,66,3,383.95,8,Mid Value,Mid Value
12405.0,149,1,1710.39,8,Mid Value,Mid Value
16407.0,13,14,2821.65,14,High Value,High Value
17886.0,32,6,1608.38,12,High Value,High Value
13107.0,44,9,5253.07,14,High Value,High Value
12772.0,60,1,892.47,8,Mid Value,Mid Value
17243.0,1,69,20889.86,15,High Value,High Value
17346.0,4,26,5323.0,15,High Value,High Value
12666.0,394,1,1248.42,7,Mid Value,Mid Value
13306.0,430,1,53.65,3,At Risk,At Risk
12978.0,385,5,2502.82,10,Mid Value,Mid Value
13427.0,19,6,1006.53,12,High Value,High Value
15679.0,24,4,781.28,11,Mid Value,Mid Value
15630.0,45,3,1481.4,11,Mid Value,Mid Value
16805.0,174,5,1097.24,10,Mid Value,Mid Value
14489.0,207,4,1574.93,9,Mid Value,Mid Value
17263.0,208,1,63.440000000000005,5,At Risk,At Risk
17328.0,673,1,104.7,4,At Risk,At Risk
17455.0,204,1,131.7,5,At Risk,At Risk
15087.0,282,1,306.94,5,At Risk,At Risk
15203.0,26,15,4400.18,14,High Value,High Value
12561.0,303,1,238.85,4,At Risk,At Risk
15344.0,1,3,563.94,10,Mid Value,Mid Value
15650.0,522,2,553.88,5,At Risk,At Risk
15982.0,605,1,324.51,4,At Risk,At Risk
17722.0,96,5,4430.36,12,High Value,High Value
16144.0,247,1,175.2,4,At Risk,At Risk
15496.0,631,1,146.14000000000001,3,At Risk,At Risk
14125.0,11,3,2740.43,12,High Value,High Value
12404.0,682,1,63.24,3,At Risk,At Risk
14058.0,463,2,469.19,5,At Risk,At Risk
13971.0,19,14,4667.57,15,High Value,High Value
17911.0,9,1,366.23,9,Mid Value,Mid Value
15986.0,30,2,354.42,8,Mid Value,Mid Value
14019.0,47,3,1421.61,11,Mid Value,Mid Value
17972.0,242,1,136.04,5,At Risk,At Risk
17319.0,669,1,29.1,4,At Risk,At Risk
15102.0,531,2,554.67,5,At Risk,At Risk
14583.0,6,8,1781.03,13,High Value,High Value
14821.0,367,7,1286.45,10,Mid Value,Mid Value
17682.0,10,11,4456.78,15,High Value,High Value
13297.0,8,7,4368.62,14,High Value,High Value
18026.0,501,2,2074.07,8,Mid Value,Mid Value
15631.0,642,1,596.67,4,At Risk,At Risk
13579.0,15,5,1539.04,13,High Value,High Value
16945.0,22,33,8548.16,14,High Value,High Value
17378.0,374,1,10.95,5,At Risk,At Risk
15623.0,141,8,2437.05,12,High Value,Mid Value
15186.0,14,5,1403.2,13,High Value,High Value
15124.0,23,4,450.82,9,Mid Value,Mid Value
15074.0,105,3,1566.33,10,Mid Value,Mid Value
13133.0,274,3,200.45000000000002,6,At Risk,Mid Value
14877.0,418,2,437.0,5,At Risk,At Risk
15248.0,411,3,1893.93,9,Mid Value,Mid Value
16761.0,97,1,316.62,7,Mid Value,At Risk
15261.0,135,4,1508.0,10,Mid Value,Mid Value
14605.0,374,4,937.16,8,Mid Value,Mid Value
18200.0,106,1,163.8,6,At Risk,At Risk
15497.0,18,9,8657.39,15,High Value,High Value
13073.0,411,2,418.08,6,At Risk,At Risk
16424.0,191,2,443.06,7,Mid Value,At Risk
15257.0,283,2,685.9,7,Mid Value,Mid Value
14205.0,17,9,2414.2,14,High Value,High Value
13948.0,361,4,548.76,7,Mid Value,Mid Value
16989.0,7,6,1133.25,12,High Value,High Value
16947.0,236,5,955.21,9,Mid Value,Mid Value
14421.0,57,6,2469.37,12,High Value,High Value
15676.0,19,3,3435.76,13,High Value,High Value
15459.0,417,2,202.82999999999998,4,At Risk,At Risk
12740.0,64,1,427.6,6,At Risk,At Risk
17992.0,389,1,254.13,5,At Risk,At Risk
17806.0,11,1,546.04,9,Mid Value,Mid Value
15175.0,72,1,224.14,5,At Risk,At Risk
13119.0,669,1,134.9,3,At Risk,At Risk
14900.0,522,1,13.919999999999998,3,At Risk,At Risk
17205.0,54,3,999.35,10,Mid Value,Mid Value
16758.0,65,1,369.34000000000003,7,Mid Value,At Risk
13639.0,74,2,1346.27,9,Mid Value,Mid Value
13496.0,11,2,653.33,10,Mid Value,Mid Value
17658.0,26,2,595.42,9,Mid Value,Mid Value
13092.0,71,12,2140.28,12,High Value,High Value
18239.0,219,6,2150.36,10,Mid Value,Mid Value
16700.0,9,25,9167.710000000001,15,High Value,High Value
17046.0,157,5,1906.07,11,Mid Value,Mid Value
17118.0,318,1,157.02,5,At Risk,At Risk
18127.0,19,4,561.53,11,Mid Value,Mid Value
13968.0,423,1,123.66,3,At Risk,At Risk
17106.0,389,1,491.23,6,At Risk,At Risk
13047.0,32,24,8795.16,14,High Value,High Value
16908.0,722,1,252.59,4,At Risk,At Risk
17844.0,107,1,51.559999999999995,6,At Risk,At Risk
16508.0,630,1,248.8,3,At Risk,At Risk
17021.0,442,6,1182.22,8,Mid Value,Mid Value
13014.0,11,11,5381.08,15,High Value,High Value
13993.0,43,19,6775.71,14,High Value,High Value
17222.0,65,6,1605.01,11,Mid Value,Mid Value
16495.0,3,3,684.41,11,Mid Value,Mid Value
16071.0,45,4,1076.8,11,Mid Value,Mid Value
17379.0,11,1,404.66,9,Mid Value,Mid Value
13392.0,677,1,91.14,3,At Risk,At Risk
16592.0,4,28,7807.91,15,High Value,High Value
14506.0,17,7,3290.67,14,High Value,High Value
15273.0,600,1,228.96,3,At Risk,At Risk
16745.0,87,17,7194.3,13,High Value,High Value
16759.0,8,3,789.79,11,Mid Value,Mid Value
16939.0,489,3,449.0,6,At Risk,At Risk
15249.0,32,18,9266.0,14,High Value,High Value
13338.0,158,4,2445.62,10,Mid Value,Mid Value
12737.0,499,2,3710.5,8,Mid Value,Mid Value
12941.0,724,1,377.49,4,At Risk,At Risk
14209.0,11,15,4993.27,15,High Value,High Value
16924.0,21,3,846.75,10,Mid Value,Mid Value
14354.0,6,2,163.62,8,Mid Value,Mid Value
17537.0,30,2,897.62,10,Mid Value,Mid Value
17595.0,12,2,388.79,10,Mid Value,Mid Value
12408.0,33,8,4340.7699999999995,13,High Value,High Value
16959.0,87,1,117.35000000000001,6,At Risk,At Risk
18048.0,203,3,401.73,7,Mid Value,Mid Value
13487.0,58,5,846.87,11,Mid Value,Mid Value
14990.0,612,2,305.42,5,At Risk,At Risk
18135.0,29,10,1249.6200000000001,13,High Value,High Value
18269.0,366,1,337.2,6,At Risk,At Risk
17073.0,18,4,1446.09,13,High Value,High Value
13693.0,374,9,2011.82,11,Mid Value,Mid Value
16960.0,39,8,2043.43,13,High Value,High Value
17304.0,534,1,111.5,4,At Risk,At Risk
15053.0,5,3,697.79,11,Mid Value,Mid Value
17426.0,8,13,8077.77,15,High Value,High Value
13689.0,63,2,1259.5,9,Mid Value,Mid Value
12440.0,462,2,859.2,6,At Risk,At Risk
13210.0,94,1,353.48,6,At Risk,At Risk
12722.0,85,4,997.63,9,Mid Value,Mid Value
17700.0,17,14,6679.97,15,High Value,High Value
14846.0,427,1,437.4,4,At Risk,At Risk
13198.0,10,8,4974.2300000000005,14,High Value,High Value
14129.0,2,9,2591.34,14,High Value,High Value
14785.0,10,2,77.4,8,Mid Value,Mid Value
15169.0,382,2,569.22,6,At Risk,At Risk
13020.0,563,2,618.96,6,At Risk,Mid Value
13248.0,125,2,465.68,7,Mid Value,Mid Value
15017.0,34,1,125.58,6,At Risk,At Risk
13918.0,50,2,1212.8400000000001,9,Mid Value,Mid Value
13457.0,689,2,148.22,4,At Risk,At Risk
16771.0,33,10,3967.6,14,High Value,High Value
18158.0,9,2,453.4,10,Mid Value,Mid Value
16342.0,75,4,322.41,9,Mid Value,Mid Value
13106.0,133,2,603.46,7,Mid Value,Mid Value
13764.0,71,6,2953.26,12,High Value,High Value
17985.0,22,1,634.95,9,Mid Value,Mid Value
14598.0,44,2,384.04,8,Mid Value,Mid Value
13884.0,7,10,1888.48,14,High Value,High Value
13978.0,15,2,196.79000000000002,8,Mid Value,Mid Value
16944.0,610,1,101.36,4,At Risk,At Risk
13672.0,301,3,419.92,7,Mid Value,Mid Value
13889.0,93,6,1991.23,11,Mid Value,Mid Value
16530.0,668,1,48.349999999999994,3,At Risk,At Risk
12645.0,34,8,3539.3,13,High Value,High Value
17438.0,254,5,1422.77,10,Mid Value,Mid Value
12884.0,88,1,309.05,6,At Risk,At Risk
18098.0,396,1,550.84,6,At Risk,At Risk
14475.0,72,4,1151.15,9,Mid Value,Mid Value
15635.0,396,1,100.35,4,At Risk,At Risk
12421.0,16,6,1098.6,12,High Value,High Value
17564.0,24,3,454.01,9,Mid Value,Mid Value
12444.0,21,5,5005.46,13,High Value,High Value
16832.0,184,5,417.61,9,Mid Value,Mid Value
17241.0,385,12,2744.14,11,Mid Value,High Value
17146.0,106,13,5860.24,13,High Value,High Value
15373.0,8,17,3421.39,15,High Value,High Value
17284.0,60,8,2793.16,13,High Value,High Value
16645.0,736,1,160.39,4,At Risk,At Risk
14345.0,39,1,108.97999999999999,6,At Risk,Mid Value
12503.0,584,1,1126.0,5,At Risk,At Risk
18109.0,2,38,9893.96,15,High Value,High Value
16597.0,4,1,90.04,7,Mid Value,Mid Value
17266.0,2,5,517.73,11,Mid Value,Mid Value
16316.0,64,13,5744.91,13,High Value,High Value
14660.0,87,2,285.74,6,At Risk,Mid Value
15958.0,74,4,492.99,9,Mid Value,Mid Value
15162.0,731,1,312.9,4,At Risk,At Risk
14315.0,45,8,3197.82,13,High Value,High Value
15442.0,249,1,594.0,5,At Risk,At Risk
15104.0,197,2,1027.44,7,Mid Value,Mid Value
15569.0,104,10,3586.35,13,High Value,High Value
16873.0,5,12,14617.39,15,High Value,High Value
12362.0,3,11,5356.23,15,High Value,High Value
16201.0,3,5,2112.12,13,High Value,High Value
16863.0,31,3,998.52,10,Mid Value,Mid Value
17938.0,420,1,144.29,4,At Risk,At Risk
15839.0,33,3,1048.49,10,Mid Value,Mid Value
17037.0,88,1,1267.32,9,Mid Value,Mid Value
17441.0,732,1,293.35,5,At Risk,At Risk
13754.0,152,3,447.05,8,Mid Value,Mid Value
12774.0,536,1,98.7,3,At Risk,At Risk
12721.0,32,8,4013.08,13,High Value,High Value
18226.0,44,26,11878.88,14,High Value,High Value
16815.0,454,2,410.97,6,At Risk,At Risk
13883.0,11,15,6560.02,15,High Value,High Value
12914.0,401,1,223.98,4,At Risk,At Risk
16191.0,3,24,15688.02,15,High Value,High Value
18121.0,149,2,673.1,9,Mid Value,Mid Value
17871.0,205,5,1118.99,9,Mid Value,Mid Value
16438.0,6,5,798.35,12,High Value,High Value
16104.0,62,9,2778.61,12,High Value,High Value
16627.0,79,1,322.8,7,Mid Value,At Risk
15000.0,48,1,490.52,7,Mid Value,Mid Value
15616.0,438,1,317.11,4,At Risk,At Risk
16251.0,512,1,128.31,3,At Risk,At Risk
13670.0,75,1,349.7,6,At Risk,At Risk
14167.0,39,8,1296.49,12,High Value,High Value
12873.0,282,3,2027.3,9,Mid Value,Mid Value
12409.0,79,7,23419.29,12,High Value,High Value
16871.0,22,6,2812.34,12,High Value,High Value
12621.0,2,35,24775.81,15,High Value,High Value
16720.0,26,3,795.48,10,Mid Value,Mid Value
17560.0,95,8,1895.8,12,High Value,High Value
14791.0,607,1,303.63,4,At Risk,At Risk
16211.0,89,3,1090.59,9,Mid Value,Mid Value
14892.0,691,1,202.35000000000002,3,At Risk,At Risk
15745.0,19,4,1094.59,12,High Value,High Value
14148.0,234,2,466.29,6,At Risk,Mid Value
16749.0,591,2,4387.08,9,Mid Value,Mid Value
15323.0,563,3,434.6,6,At Risk,At Risk
17317.0,46,3,2600.34,11,Mid Value,Mid Value
13337.0,546,1,1575.26,6,At Risk,At Risk
15480.0,116,5,6279.0,12,High Value,High Value
13422.0,64,1,2626.3,8,Mid Value,Mid Value
15547.0,7,26,10154.39,15,High Value,High Value
13188.0,11,1,114.60000000000001,7,Mid Value,Mid Value
18114.0,290,1,220.1,5,At Risk,At Risk
13937.0,169,2,880.13,8,Mid Value,Mid Value
13520.0,59,11,6909.4,14,High Value,High Value
17899.0,159,1,155.8,6,At Risk,At Risk
15638.0,379,6,2265.2,10,Mid Value,Mid Value
14934.0,82,5,3503.5,12,High Value,High Value
12482.0,576,29,23691.4,11,Mid Value,Mid Value
15452.0,30,6,1799.1100000000001,12,High Value,High Value
16466.0,34,15,3838.59,14,High Value,High Value
13076.0,458,1,135.4,3,At Risk,At Risk
16172.0,95,8,1884.55,12,High Value,High Value
17153.0,24,1,213.78,7,Mid Value,At Risk
14825.0,4,24,4925.08,15,High Value,High Value
15822.0,3,6,1840.06,13,High Value,High Value
13640.0,611,1,405.0,4,At Risk,At Risk
12984.0,19,1,97.5,7,Mid Value,Mid Value
14571.0,425,1,161.65,3,At Risk,At Risk
15146.0,165,2,1327.16,9,Mid Value,Mid Value
14557.0,85,1,788.38,7,Mid Value,Mid Value
16174.0,126,7,2246.75,11,Mid Value,Mid Value
17164.0,33,7,2467.35,12,High Value,High Value
13394.0,2,19,6621.7,15,High Value,High Value
12393.0,72,6,2399.4500000000003,11,Mid Value,Mid Value
16056.0,45,1,664.85,8,Mid Value,Mid Value
18174.0,7,2,162.5,9,Mid Value,Mid Value
16976.0,267,1,251.51999999999998,5,At Risk,At Risk
17457.0,127,14,5984.8099999999995,13,High Value,High Value
17028.0,581,3,1593.83,8,Mid Value,Mid Value
18034.0,22,3,793.7,10,Mid Value,Mid Value
15606.0,61,17,5230.99,13,High Value,High Value
15873.0,500,4,313.91999999999996,7,Mid Value,Mid Value
15736.0,435,2,1815.72,7,Mid Value,Mid Value
13717.0,32,8,1763.3,12,High Value,High Value
12497.0,82,3,6248.5,11,Mid Value,Mid Value
17563.0,578,2,392.38,6,At Risk,At Risk
13441.0,92,2,720.9,8,Mid Value,Mid Value
14034.0,22,3,651.8199999999999,10,Mid Value,Mid Value
17465.0,426,7,2542.79,9,Mid Value,Mid Value
14039.0,33,2,267.28000000000003,7,Mid Value,Mid Value
14923.0,51,1,749.1,8,Mid Value,Mid Value
17752.0,359,1,80.64,5,At Risk,At Risk
14514.0,61,9,4598.9800000000005,13,High Value,High Value
15648.0,204,2,657.35,7,Mid Value,Mid Value
17407.0,412,1,552.9,5,At Risk,At Risk
15153.0,31,1,329.25,7,Mid Value,Mid Value
13696.0,422,3,2020.4,8,Mid Value,Mid Value
17969.0,166,20,2369.94,12,High Value,High Value
13561.0,216,11,1820.72,11,Mid Value,Mid Value
16678.0,3,12,3109.99,15,High Value,High Value
14552.0,152,3,511.28000000000003,8,Mid Value,Mid Value
13262.0,263,3,573.45,7,Mid Value,Mid Value
12797.0,366,2,806.11,7,Mid Value,Mid Value
14545.0,674,1,349.25,4,At Risk,At Risk
17571.0,50,5,1703.75,12,High Value,High Value
15860.0,41,17,2505.21,13,High Value,High Value
17170.0,374,2,178.68,6,At Risk,At Risk
17079.0,78,1,118.80000000000001,6,At Risk,At Risk
15469.0,50,3,874.25,10,Mid Value,Mid Value
13938.0,35,1,71.66,6,At Risk,At Risk
15239.0,10,2,780.59,10,Mid Value,Mid Value
12798.0,10,4,8510.93,13,High Value,High Value
18213.0,237,1,232.48000000000002,5,At Risk,At Risk
16429.0,106,1,284.55,5,At Risk,At Risk
17291.0,308,1,550.8000000000001,6,At Risk,At Risk
16846.0,50,3,842.41,10,Mid Value,Mid Value
13317.0,66,19,6486.091,13,High Value,High Value
12715.0,106,1,353.86,6,At Risk,At Risk
13368.0,257,4,1121.5,8,Mid Value,Mid Value
13232.0,13,7,1357.6,13,High Value,High Value
14000.0,211,5,2046.3400000000001,10,Mid Value,Mid Value
18188.0,15,6,3280.59,14,High Value,High Value
18169.0,61,1,202.65,6,At Risk,At Risk
13913.0,507,1,42.22,3,At Risk,At Risk
14661.0,27,1,107.95,6,At Risk,At Risk
17912.0,310,6,375.5,8,Mid Value,Mid Value
16517.0,277,1,162.7,4,At Risk,At Risk
13645.0,120,1,252.1,5,At Risk,At Risk
17421.0,386,3,1059.41,8,Mid Value,Mid Value
14807.0,391,2,519.29,6,At Risk,At Risk
13355.0,122,1,674.7,7,Mid Value,Mid Value
13330.0,93,6,2806.18,11,Mid Value,Mid Value
16710.0,19,22,6349.09,15,High Value,High Value
17486.0,261,1,396.87,6,At Risk,At Risk
17625.0,18,8,6067.8,15,High Value,High Value
14541.0,59,14,2499.68,13,High Value,High Value
17148.0,52,1,124.88,7,Mid Value,At Risk
17789.0,281,2,397.15,7,Mid Value,At Risk
16456.0,99,13,6862.91,13,High Value,High Value
15193.0,61,1,499.32,6,At Risk,Mid Value
13023.0,64,3,1449.03,10,Mid Value,Mid Value
12886.0,68,2,1378.4,9,Mid Value,Mid Value
13057.0,530,3,722.09,7,Mid Value,Mid Value
16327.0,14,16,10731.34,15,High Value,High Value
16270.0,353,1,1141.24,6,At Risk,At Risk
12839.0,3,26,10071.73,15,High Value,High Value
12757.0,16,13,7857.1,15,High Value,High Value
14152.0,75,7,1997.3400000000001,11,Mid Value,Mid Value
13868.0,7,2,3192.54,12,High Value,Mid Value
15969.0,3,5,1127.05,12,High Value,High Value
17802.0,82,10,5053.12,13,High Value,High Value
13811.0,184,3,814.5,9,Mid Value,Mid Value
12712.0,29,21,7193.66,14,High Value,High Value
15891.0,227,1,524.52,5,At Risk,At Risk
18100.0,550,1,451.56,5,At Risk,At Risk
16906.0,82,7,1448.8,11,Mid Value,Mid Value
15961.0,379,1,451.28999999999996,5,At Risk,At Risk
16714.0,219,4,1529.8,10,Mid Value,Mid Value
16493.0,80,7,2132.09,11,Mid Value,Mid Value
14897.0,8,8,3140.54,15,High Value,High Value
14775.0,58,3,1418.46,11,Mid Value,Mid Value
13981.0,416,1,331.14,4,At Risk,At Risk
14796.0,1,27,10889.64,15,High Value,High Value
13341.0,261,1,775.85,6,At Risk,At Risk
16590.0,401,2,605.9,6,At Risk,Mid Value
15274.0,4,2,716.57,10,Mid Value,Mid Value
17945.0,697,3,360.35,6,At Risk,At Risk
13508.0,244,2,287.05,6,At Risk,At Risk
17817.0,4,6,807.85,12,High Value,High Value
15231.0,621,1,250.26,3,At Risk,At Risk
15720.0,24,2,741.92,9,Mid Value,Mid Value
14412.0,43,3,1426.19,11,Mid Value,Mid Value
15655.0,243,1,560.67,5,At Risk,At Risk
17863.0,59,12,5745.2,14,High Value,High Value
12862.0,426,2,1008.3199999999999,6,At Risk,At Risk
14303.0,407,2,277.94,5,At Risk,At Risk
16806.0,103,4,801.49,10,Mid Value,Mid Value
13802.0,139,19,26259.11,13,High Value,High Value
14174.0,33,1,134.46,6,At Risk,At Risk
14688.0,8,28,7713.57,15,High Value,High Value
12800.0,470,3,584.25,6,At Risk,At Risk
15487.0,680,1,231.32,3,At Risk,At Risk
13084.0,492,1,122.39999999999999,3,At Risk,At Risk
13031.0,407,5,3419.27,11,Mid Value,Mid Value
12704.0,7,8,2340.84,13,High Value,High Value
14882.0,27,14,3628.15,14,High Value,High Value
15607.0,337,9,1708.97,11,Mid Value,Mid Value
15550.0,4,12,2218.8,14,High Value,High Value
16425.0,302,1,302.7,5,At Risk,At Risk
17116.0,648,1,389.78,5,At Risk,At Risk
17580.0,253,5,545.27,8,Mid Value,Mid Value
17578.0,218,7,1047.33,9,Mid Value,Mid Value
14424.0,18,1,322.08,8,Mid Value,Mid Value
14841.0,53,14,7163.0,14,High Value,High Value
16403.0,312,1,177.5,4,At Risk,At Risk
13448.0,17,13,9240.87,15,High Value,High Value
14865.0,7,4,129.72,9,Mid Value,Mid Value
13271.0,37,1,217.38,6,At Risk,At Risk
15279.0,355,5,1580.54,10,Mid Value,Mid Value
17234.0,183,1,149.89000000000001,6,At Risk,At Risk
13710.0,32,3,509.52,9,Mid Value,Mid Value
13240.0,96,8,1738.52,11,Mid Value,High Value
14802.0,438,2,1502.98,7,Mid Value,Mid Value
12898.0,464,2,310.96000000000004,5,At Risk,At Risk
16046.0,562,1,235.78,3,At Risk,At Risk
15226.0,311,1,154.41,4,At Risk,At Risk
15621.0,4,4,1293.03,12,High Value,High Value
15252.0,36,5,2103.41,12,High Value,High Value
15167.0,321,5,1659.67,10,Mid Value,Mid Value
13950.0,11,4,745.06,11,Mid Value,Mid Value
13474.0,236,3,663.79,8,Mid Value,Mid Value
14863.0,29,1,266.76,6,At Risk,Mid Value
17377.0,24,78,18319.41,14,High Value,High Value
14242.0,235,2,280.55,5,At Risk,At Risk
15726.0,390,1,321.91,5,At Risk,At Risk
16722.0,17,22,8989.08,15,High Value,High Value
13691.0,396,1,212.78,4,At Risk,At Risk
12615.0,2,8,5740.98,14,High Value,High Value
12448.0,44,1,449.45,7,Mid Value,Mid Value
18193.0,165,3,1207.35,9,Mid Value,Mid Value
18013.0,155,2,187.29,7,Mid Value,At Risk
12853.0,135,11,3907.5,13,High Value,High Value
13434.0,74,5,1666.8600000000001,11,Mid Value,Mid Value
17131.0,5,5,2463.17,13,High Value,High Value
13932.0,295,1,307.4,5,At Risk,At Risk
12425.0,78,2,1741.41,9,Mid Value,Mid Value
16991.0,421,1,1041.21,6,At Risk,At Risk
16767.0,31,15,8073.8,14,High Value,High Value
15610.0,52,1,112.46000000000001,6,At Risk,At Risk
12403.0,50,2,1019.36,9,Mid Value,Mid Value
12599.0,29,13,2296.72,13,High Value,High Value
15422.0,323,7,1619.97,10,Mid Value,Mid Value
16548.0,599,1,30.15,3,At Risk,At Risk
15244.0,65,3,912.08,9,Mid Value,Mid Value
16478.0,25,3,331.0,9,Mid Value,Mid Value
16274.0,373,1,715.9,6,At Risk,At Risk
12640.0,24,3,1174.58,10,Mid Value,Mid Value
16387.0,323,5,918.55,9,Mid Value,Mid Value
12628.0,4,3,786.46,11,Mid Value,Mid Value
17665.0,493,1,563.1,5,At Risk,At Risk
17650.0,21,1,166.08,7,Mid Value,Mid Value
13829.0,421,1,102.0,3,At Risk,At Risk
14003.0,733,1,209.41,3,At Risk,At Risk
17425.0,19,2,759.17,11,Mid Value,Mid Value
15505.0,53,5,3610.96,13,High Value,High Value
16817.0,3,13,2804.9,14,High Value,High Value
16687.0,391,1,157.63,5,At Risk,At Risk
14735.0,4,56,12240.16,15,High Value,High Value
18182.0,463,1,291.13,5,At Risk,At Risk
13001.0,4,33,24172.100000000002,15,High Value,High Value
16760.0,430,1,228.0,4,At Risk,At Risk
15800.0,107,7,1242.58,11,Mid Value,Mid Value
14920.0,213,3,1607.17,9,Mid Value,Mid Value
14778.0,127,2,730.86,8,Mid Value,Mid Value
13361.0,472,2,1450.5,7,Mid Value,Mid Value
14112.0,23,13,5834.59,14,High Value,High Value
13061.0,72,1,248.61,5,At Risk,At Risk
15443.0,2,14,5175.93,15,High Value,High Value
16998.0,150,5,402.0,9,Mid Value,Mid Value
14471.0,591,2,400.95,5,At Risk,At Risk
16468.0,74,3,787.52,9,Mid Value,Mid Value
13354.0,71,1,743.53,7,Mid Value,Mid Value
16942.0,13,9,1920.59,14,High Value,High Value
16338.0,157,1,214.79999999999998,5,At Risk,At Risk
13329.0,32,8,5112.97,13,High Value,High Value
12642.0,25,3,1013.26,10,Mid Value,Mid Value
15579.0,69,5,1302.5,11,Mid Value,Mid Value
15033.0,5,10,2586.67,14,High Value,High Value
15304.0,61,9,919.5500000000001,11,Mid Value,Mid Value
16348.0,32,8,1798.22,13,High Value,High Value
18197.0,576,1,230.1,4,At Risk,At Risk
16932.0,53,3,440.71,9,Mid Value,Mid Value
17683.0,386,3,819.01,8,Mid Value,Mid Value
17227.0,19,12,2022.03,14,High Value,High Value
17176.0,202,3,902.3199999999999,8,Mid Value,Mid Value
12629.0,386,2,1558.22,8,Mid Value,Mid Value
14229.0,52,7,2594.04,12,High Value,High Value
16896.0,555,1,103.95,4,At Risk,At Risk
16986.0,30,11,4888.75,14,High Value,High Value
16289.0,462,1,136.31,3,At Risk,At Risk
13497.0,283,6,1320.33,10,Mid Value,Mid Value
17959.0,592,1,140.75,4,At Risk,At Risk
18219.0,3,17,3562.89,15,High Value,High Value
15223.0,226,5,1417.95,10,Mid Value,Mid Value
12668.0,12,10,11444.68,15,High Value,High Value
17075.0,18,10,2241.73,14,High Value,High Value
15939.0,90,16,9060.39,13,High Value,High Value
15082.0,669,1,93.35000000000001,3,At Risk,At Risk
14198.0,18,9,1569.73,14,High Value,High Value
17330.0,23,4,423.8,10,Mid Value,Mid Value
14973.0,107,3,1314.45,10,Mid Value,Mid Value
17762.0,456,1,129.75,4,At Risk,At Risk
15435.0,22,1,149.29,6,At Risk,At Risk
15345.0,46,1,393.54,7,Mid Value,Mid Value
15155.0,383,1,383.96999999999997,5,At Risk,At Risk
15192.0,120,5,1981.39,11,Mid Value,Mid Value
17544.0,390,3,960.69,8,Mid Value,Mid Value
16150.0,43,10,4395.59,14,High Value,High Value
13255.0,9,3,904.46,11,Mid Value,Mid Value
13267.0,3,36,9758.26,15,High Value,High Value
13681.0,18,4,827.83,11,Mid Value,Mid Value
16941.0,612,1,33.0,4,At Risk,At Risk
17921.0,64,10,2423.5,12,High Value,High Value
12359.0,58,10,8935.94,14,High Value,High Value
17669.0,43,10,6142.35,14,High Value,High Value
13481.0,46,11,3830.84,14,High Value,High Value
15722.0,36,11,5258.1,14,High Value,High Value
15191.0,463,3,588.05,6,At Risk,At Risk
15916.0,16,13,3427.17,15,High Value,High Value
16189.0,16,2,215.48,8,Mid Value,Mid Value
18215.0,89,5,2247.4900000000002,11,Mid Value,Mid Value
15322.0,86,2,1390.86,9,Mid Value,Mid Value
18160.0,57,3,1003.88,10,Mid Value,Mid Value
12683.0,4,21,12696.78,15,High Value,High Value
12842.0,70,4,1917.99,10,Mid Value,Mid Value
15719.0,33,31,10223.06,14,High Value,High Value
18236.0,30,12,1795.3500000000001,13,High Value,High Value
16987.0,3,11,2535.9,14,High Value,High Value
17447.0,40,2,541.53,9,Mid Value,Mid Value
17743.0,448,1,229.2,4,At Risk,At Risk
14738.0,43,9,1821.9,13,High Value,High Value
16196.0,489,1,93.3,3,At Risk,At Risk
18070.0,669,1,314.1,5,At Risk,At Risk
15965.0,17,13,3013.09,15,High Value,High Value
13920.0,432,4,1774.68,8,Mid Value,Mid Value
14210.0,106,16,5861.52,13,High Value,High Value
17202.0,421,1,160.65,4,At Risk,At Risk
15553.0,60,1,437.23,7,Mid Value,Mid Value
13112.0,541,1,20.6,3,At Risk,At Risk
16373.0,382,2,309.49,6,At Risk,At Risk
15286.0,50,1,240.55,6,At Risk,At Risk
14564.0,435,2,2605.62,7,Mid Value,Mid Value
18037.0,154,15,167.42,9,Mid Value,Mid Value
15451.0,434,2,233.21,4,At Risk,At Risk
13877.0,86,3,449.68,8,Mid Value,Mid Value
17501.0,221,2,288.6,7,Mid Value,Mid Value
13136.0,56,13,6274.56,14,High Value,High Value
16178.0,138,2,612.6,8,Mid Value,Mid Value
14722.0,147,3,513.37,8,Mid Value,Mid Value
13614.0,24,6,2359.19,12,High Value,High Value
12609.0,78,9,3435.86,13,High Value,High Value
16463.0,21,4,1422.4,12,High Value,Mid Value
16701.0,9,26,9916.73,15,High Value,High Value
14694.0,617,1,244.31,3,At Risk,At Risk
16652.0,59,16,17550.39,14,High Value,High Value
17100.0,18,2,971.74,11,Mid Value,Mid Value
12398.0,46,1,1635.6599999999999,9,Mid Value,Mid Value
17444.0,148,3,2940.04,11,Mid Value,Mid Value
15370.0,41,8,3739.01,14,High Value,High Value
13722.0,132,10,5635.41,13,High Value,High Value
12743.0,134,2,546.43,7,Mid Value,Mid Value
17808.0,549,4,262.64,6,At Risk,At Risk
18083.0,398,1,470.72999999999996,6,At Risk,At Risk
15940.0,311,1,35.8,4,At Risk,At Risk
18229.0,12,28,10803.710000000001,15,High Value,High Value
13431.0,67,8,3316.24,12,High Value,High Value
18036.0,32,11,1563.6399999999999,13,High Value,High Value
17660.0,141,2,359.47,8,Mid Value,Mid Value
15954.0,589,1,190.75,3,At Risk,At Risk
18216.0,31,1,481.75,8,Mid Value,Mid Value
13456.0,18,6,1766.72,13,High Value,High Value
15841.0,73,9,2742.41,12,High Value,High Value
16929.0,4,7,1295.39,13,High Value,High Value
13053.0,622,1,127.65,3,At Risk,At Risk
16751.0,31,1,1764.72,10,Mid Value,Mid Value
13365.0,34,2,2225.37,10,Mid Value,Mid Value
15799.0,76,4,1424.29,11,Mid Value,Mid Value
16340.0,107,3,1526.06,10,Mid Value,Mid Value
17344.0,46,2,468.11,9,Mid Value,Mid Value
14501.0,184,2,251.21,6,At Risk,Mid Value
15979.0,603,1,329.22,4,At Risk,At Risk
16528.0,4,1,244.41,7,Mid Value,Mid Value
13142.0,19,1,307.09,8,Mid Value,Mid Value
14748.0,29,10,3152.32,14,High Value,High Value
12827.0,6,3,430.15000000000003,10,Mid Value,Mid Value
15530.0,22,5,1813.72,12,High Value,High Value
18067.0,40,1,396.33,8,Mid Value,Mid Value
13634.0,33,16,5073.47,14,High Value,High Value
13458.0,7,16,11959.27,15,High Value,High Value
15217.0,563,1,426.24,4,At Risk,At Risk
17053.0,131,1,498.48,7,Mid Value,At Risk
17698.0,261,1,154.95,5,At Risk,At Risk
15026.0,80,5,1061.61,10,Mid Value,Mid Value
17627.0,479,1,296.36,5,At Risk,At Risk
16957.0,239,2,416.64,7,Mid Value,At Risk
16460.0,28,3,814.72,10,Mid Value,Mid Value
13451.0,26,11,7190.92,14,High Value,High Value
12372.0,72,3,1298.04,10,Mid Value,Mid Value
17573.0,29,3,380.6,9,Mid Value,Mid Value
14182.0,444,4,678.77,7,Mid Value,Mid Value
12691.0,28,7,1170.4,11,Mid Value,Mid Value
13179.0,619,1,572.3100000000001,4,At Risk,At Risk
14539.0,16,2,537.48,9,Mid Value,Mid Value
17684.0,44,1,239.41,7,Mid Value,At Risk
14809.0,621,2,686.76,6,At Risk,Mid Value
14407.0,107,6,2157.73,11,Mid Value,Mid Value
14957.0,253,2,333.29,6,At Risk,At Risk
12925.0,5,3,729.3299999999999,11,Mid Value,Mid Value
12593.0,109,3,418.09999999999997,8,Mid Value,Mid Value
15730.0,66,5,1726.58,11,Mid Value,Mid Value
14033.0,555,1,109.44,3,At Risk,At Risk
14447.0,19,6,1711.73,13,High Value,High Value
13635.0,68,4,2999.16,11,Mid Value,High Value
17794.0,687,2,147.3,5,At Risk,At Risk
13542.0,377,17,4006.17,12,High Value,High Value
14191.0,2,15,4817.66,15,High Value,High Value
14363.0,402,2,227.47000000000003,5,At Risk,At Risk
13976.0,207,4,1192.36,8,Mid Value,Mid Value
14630.0,484,1,338.65,4,At Risk,At Risk
14099.0,16,20,5765.71,15,High Value,High Value
17054.0,28,5,1356.33,12,High Value,High Value
17751.0,421,1,157.85999999999999,4,At Risk,At Risk
17708.0,188,4,887.9300000000001,10,Mid Value,Mid Value
13482.0,232,2,336.09,6,At Risk,Mid Value
12460.0,456,1,326.65,4,At Risk,At Risk
14698.0,2,5,1250.76,13,High Value,High Value
17258.0,397,2,417.3,7,Mid Value,At Risk
12656.0,17,8,6407.83,14,High Value,High Value
13747.0,374,2,249.39999999999998,5,At Risk,At Risk
17939.0,160,1,99.14,6,At Risk,At Risk
16601.0,41,3,684.25,10,Mid Value,Mid Value
13128.0,631,1,263.5,3,At Risk,At Risk
17914.0,4,1,336.43,9,Mid Value,Mid Value
16214.0,171,4,2038.25,11,Mid Value,Mid Value
16843.0,43,35,19571.43,14,High Value,High Value
16080.0,82,4,602.5600000000001,9,Mid Value,Mid Value
14393.0,218,1,67.95,4,At Risk,At Risk
17016.0,577,1,552.4,5,At Risk,At Risk
12380.0,22,11,9676.300000000001,14,High Value,High Value
17803.0,392,1,184.66,5,At Risk,At Risk
16558.0,1,38,13873.51,15,High Value,High Value
14004.0,43,11,6258.45,14,High Value,High Value
14406.0,119,1,156.75,5,At Risk,At Risk
14617.0,403,2,190.47000000000003,5,At Risk,At Risk
16491.0,47,2,1533.16,10,Mid Value,Mid Value
15432.0,23,2,320.76,8,Mid Value,Mid Value
17041.0,27,6,1686.28,12,High Value,High Value
16374.0,66,5,1771.45,11,Mid Value,Mid Value
16325.0,47,12,3597.5,14,High Value,High Value
17464.0,158,3,1000.94,9,Mid Value,Mid Value
18009.0,235,8,2155.83,11,Mid Value,Mid Value
17448.0,497,46,14556.97,11,Mid Value,Mid Value
16868.0,394,3,393.39,7,Mid Value,Mid Value
17616.0,174,4,1060.8,10,Mid Value,Mid Value
14885.0,132,3,1598.12,10,Mid Value,Mid Value
15521.0,40,16,7106.69,14,High Value,High Value
13435.0,5,9,4475.2300000000005,15,High Value,High Value
12595.0,505,1,299.02,4,At Risk,At Risk
17996.0,380,3,482.33,7,Mid Value,Mid Value
17735.0,2,26,17244.93,15,High Value,High Value
16378.0,247,3,362.95,7,Mid Value,Mid Value
15957.0,32,3,930.1,10,Mid Value,Mid Value
13162.0,122,16,9275.49,13,High Value,High Value
16624.0,81,2,810.5699999999999,8,Mid Value,Mid Value
13034.0,55,3,922.68,10,Mid Value,Mid Value
17484.0,576,2,209.57,5,At Risk,At Risk
15285.0,408,1,94.92,4,At Risk,At Risk
12495.0,641,1,357.4,4,At Risk,At Risk
12411.0,410,1,346.9,5,At Risk,At Risk
16432.0,64,1,287.4,6,At Risk,At Risk
15211.0,60,2,1277.48,10,Mid Value,Mid Value
12349.0,19,4,4428.69,13,High Value,High Value
12406.0,22,5,6390.36,13,High Value,High Value
13477.0,38,11,2834.17,13,High Value,High Value
15376.0,40,3,1233.3600000000001,11,Mid Value,Mid Value
17327.0,410,2,152.35,6,At Risk,At Risk
12922.0,161,1,405.38,6,At Risk,At Risk
17653.0,37,4,1207.56,11,Mid Value,Mid Value
15184.0,29,4,689.95,10,Mid Value,Mid Value
14239.0,43,21,4263.17,14,High Value,High Value
16505.0,32,1,777.6,8,Mid Value,Mid Value
12429.0,9,8,7485.91,14,High Value,High Value
13864.0,387,1,662.4000000000001,6,At Risk,At Risk
16088.0,576,2,1437.43,7,Mid Value,Mid Value
16148.0,296,2,386.62,6,At Risk,Mid Value
16983.0,13,11,3710.22,15,High Value,High Value
13797.0,437,3,1179.45,7,Mid Value,Mid Value
13994.0,4,6,2313.14,13,High Value,High Value
15051.0,23,9,3935.16,14,High Value,High Value
15445.0,264,2,284.5,5,At Risk,At Risk
15641.0,105,12,5345.55,13,High Value,High Value
18117.0,26,1,320.72,8,Mid Value,Mid Value
13016.0,73,3,789.89,9,Mid Value,Mid Value
14979.0,735,1,439.46,4,At Risk,At Risk
14590.0,425,20,3006.62,11,Mid Value,Mid Value
14025.0,465,8,4057.9,10,Mid Value,Mid Value
15922.0,373,1,739.0,6,At Risk,At Risk
15738.0,19,41,13372.970000000001,15,High Value,High Value
15751.0,461,11,1380.44,10,Mid Value,Mid Value
17498.0,76,1,272.22,6,At Risk,At Risk
14963.0,10,12,3164.48,15,High Value,High Value
14974.0,37,1,114.39,6,At Risk,At Risk
12600.0,29,21,5043.92,14,High Value,High Value
16537.0,641,1,23.35,3,At Risk,At Risk
12904.0,18,2,509.58,9,Mid Value,Mid Value
18029.0,642,1,433.77,5,At Risk,At Risk
16855.0,24,2,328.4,9,Mid Value,Mid Value
14206.0,239,3,1185.01,8,Mid Value,Mid Value
17009.0,551,1,242.06,4,At Risk,At Risk
14071.0,4,8,1438.82,13,High Value,High Value
15362.0,449,2,613.08,6,At Risk,At Risk
14728.0,413,1,190.58,3,At Risk,At Risk
13546.0,12,5,1092.14,12,High Value,High Value
16412.0,54,5,647.23,11,Mid Value,Mid Value
14834.0,18,7,2206.16,13,High Value,High Value
14122.0,406,3,362.42,7,Mid Value,Mid Value
18087.0,98,17,14761.519999999999,13,High Value,High Value
13679.0,494,3,281.26,5,At Risk,At Risk
15951.0,9,3,1013.17,11,Mid Value,Mid Value
15776.0,133,1,241.62,5,At Risk,At Risk
18014.0,28,1,166.42,7,Mid Value,At Risk
12371.0,45,5,4067.38,13,High Value,High Value
16605.0,724,1,60.48,3,At Risk,At Risk
15040.0,542,1,7.49,3,At Risk,At Risk
17655.0,11,9,3652.48,15,High Value,High Value
13143.0,585,1,405.1,4,At Risk,At Risk
16073.0,297,1,122.39999999999999,4,At Risk,At Risk
14739.0,4,25,12287.5,15,High Value,High Value
12879.0,45,3,573.22,9,Mid Value,Mid Value
14454.0,376,5,977.3,9,Mid Value,Mid Value
12813.0,502,3,1687.8,8,Mid Value,Mid Value
14725.0,25,4,1315.24,11,Mid Value,Mid Value
16821.0,382,1,113.35,5,At Risk,At Risk
16006.0,211,2,347.17,6,At Risk,At Risk
16776.0,60,2,619.85,10,Mid Value,Mid Value
16830.0,39,4,1207.5,11,Mid Value,Mid Value
17195.0,655,1,562.98,5,At Risk,At Risk
15107.0,311,9,940.35,10,Mid Value,Mid Value
15549.0,77,8,2345.96,12,High Value,Mid Value
17029.0,111,7,2137.3,11,Mid Value,Mid Value
17427.0,72,1,100.8,6,At Risk,At Risk
15695.0,267,4,1131.04,9,Mid Value,Mid Value
17099.0,533,1,582.17,5,At Risk,At Risk
17835.0,3,3,350.64,10,Mid Value,Mid Value
16321.0,72,7,604.5500000000001,9,Mid Value,Mid Value
17340.0,30,18,22404.82,14,High Value,High Value
15036.0,72,3,465.55,8,Mid Value,Mid Value
18265.0,72,2,801.51,9,Mid Value,Mid Value
13515.0,73,6,1265.82,11,Mid Value,Mid Value
16696.0,135,4,657.9000000000001,10,Mid Value,Mid Value
15701.0,2,4,1542.14,13,High Value,High Value
16621.0,52,4,813.48,11,Mid Value,Mid Value
17091.0,3,19,7811.1,15,High Value,High Value
16556.0,67,17,8012.58,13,High Value,High Value
16804.0,23,3,536.99,9,Mid Value,Mid Value
12611.0,52,1,1193.32,8,Mid Value,Mid Value
17253.0,18,1,178.26,8,Mid Value,Mid Value
14059.0,267,1,183.6,4,At Risk,At Risk
12811.0,261,5,1033.9,9,Mid Value,Mid Value
16985.0,17,23,10923.16,15,High Value,High Value
16132.0,544,2,664.1999999999999,6,At Risk,At Risk
12805.0,382,4,1434.95,9,Mid Value,Mid Value
14669.0,242,7,3243.93,11,Mid Value,Mid Value
17084.0,35,3,5202.97,12,High Value,High Value
14861.0,52,10,1380.73,13,High Value,High Value
14513.0,101,6,788.01,10,Mid Value,Mid Value
17165.0,284,6,1794.32,10,Mid Value,Mid Value
18041.0,12,38,8752.38,15,High Value,High Value
13251.0,402,1,252.68,4,At Risk,At Risk
14110.0,4,33,12987.95,15,High Value,High Value
17429.0,128,5,1357.46,11,Mid Value,Mid Value
14627.0,379,1,462.75,5,At Risk,At Risk
14919.0,539,1,359.35,4,At Risk,At Risk
15808.0,306,21,18409.93,12,High Value,High Value
17516.0,15,6,957.55,12,High Value,High Value
17365.0,13,15,8224.98,15,High Value,High Value
17182.0,423,2,321.3,6,At Risk,At Risk
16525.0,2,48,24582.64,15,High Value,High Value
16636.0,438,4,3802.04,10,Mid Value,Mid Value
17004.0,46,4,2425.16,12,High Value,High Value
14218.0,43,1,169.48000000000002,6,At Risk,At Risk
14486.0,512,2,175.5,4,At Risk,At Risk
13996.0,386,2,895.76,7,Mid Value,Mid Value
16926.0,371,5,1421.35,10,Mid Value,Mid Value
16706.0,37,3,531.35,9,Mid Value,Mid Value
13400.0,583,1,310.83,4,At Risk,At Risk
17264.0,424,1,279.59,4,At Risk,At Risk
14466.0,29,13,4646.9,14,High Value,High Value
17052.0,28,1,413.75,8,Mid Value,Mid Value
15125.0,25,24,17024.87,14,High Value,High Value
13688.0,635,1,375.5,4,At Risk,At Risk
18016.0,32,7,1960.46,12,High Value,High Value
17078.0,36,2,378.2,9,Mid Value,Mid Value
13430.0,19,2,679.45,10,Mid Value,Mid Value
13113.0,1,37,18625.73,15,High Value,High Value
14343.0,421,4,1088.91,7,Mid Value,Mid Value
17458.0,15,2,529.58,10,Mid Value,Mid Value
12957.0,10,13,8706.97,15,High Value,High Value
15109.0,246,3,983.1,8,Mid Value,Mid Value
17998.0,380,3,639.24,8,Mid Value,Mid Value
16063.0,260,1,335.32,5,At Risk,At Risk
13711.0,219,9,1792.26,11,Mid Value,Mid Value
12747.0,2,26,9276.539999999999,15,High Value,High Value
17756.0,376,3,733.7,8,Mid Value,Mid Value
13903.0,400,1,165.45000000000002,4,At Risk,At Risk
15454.0,362,2,307.69,6,At Risk,At Risk
14423.0,218,3,916.6099999999999,8,Mid Value,Mid Value
17705.0,3,11,2083.9,14,High Value,High Value
14422.0,1,19,10271.52,15,High Value,High Value
14428.0,7,5,1244.83,13,High Value,High Value
14953.0,25,4,1013.77,10,Mid Value,Mid Value
13653.0,488,1,152.2,3,At Risk,At Risk
16708.0,46,1,656.63,9,Mid Value,Mid Value
12749.0,4,9,6897.36,15,High Value,High Value
16357.0,33,4,868.37,11,Mid Value,Mid Value
15351.0,12,10,3738.29,15,High Value,High Value
16324.0,128,3,428.68,8,Mid Value,Mid Value
15238.0,29,3,1071.99,10,Mid Value,Mid Value
15485.0,30,7,5771.51,13,High Value,High Value
15908.0,491,2,764.57,6,At Risk,Mid Value
14556.0,596,3,835.34,7,Mid Value,Mid Value
16085.0,23,12,2343.53,13,High Value,High Value
16400.0,95,9,3159.44,13,High Value,High Value
16654.0,141,8,1711.47,12,High Value,High Value
15134.0,15,10,1596.29,14,High Value,High Value
16328.0,563,1,310.83,4,At Risk,At Risk
12893.0,31,1,188.14,6,At Risk,Mid Value
17823.0,421,2,494.25,6,At Risk,At Risk
13450.0,27,13,4120.04,14,High Value,High Value
13389.0,11,3,797.96,11,Mid Value,Mid Value
15858.0,16,13,3960.37,15,High Value,High Value
17859.0,305,1,148.21,5,At Risk,At Risk
13919.0,59,4,1360.68,11,Mid Value,Mid Value
15761.0,443,1,143.05,3,At Risk,At Risk
15150.0,17,13,9001.08,15,High Value,High Value
15163.0,18,2,304.47,9,Mid Value,Mid Value
16043.0,38,8,1856.5900000000001,13,High Value,High Value
13062.0,191,1,346.98,6,At Risk,At Risk
16345.0,44,2,1198.74,9,Mid Value,Mid Value
14613.0,680,1,76.32000000000001,3,At Risk,At Risk
17190.0,59,7,1743.04,12,High Value,High Value
14365.0,395,2,634.68,7,Mid Value,Mid Value
17276.0,402,1,508.39,6,At Risk,At Risk
18287.0,43,7,4182.99,13,High Value,High Value
18030.0,4,2,230.64999999999998,9,Mid Value,Mid Value
13166.0,283,2,884.18,7,Mid Value,Mid Value
14249.0,411,12,5625.461,12,High Value,Mid Value
14972.0,128,2,145.07,6,At Risk,At Risk
12901.0,9,28,17654.54,15,High Value,High Value
15883.0,2,2,396.48,9,Mid Value,Mid Value
15520.0,2,1,343.5,8,Mid Value,Mid Value
15777.0,241,7,1762.61,10,Mid Value,Mid Value
15346.0,333,3,596.12,7,Mid Value,Mid Value
17155.0,18,7,892.46,12,High Value,High Value
15699.0,18,1,309.65,8,Mid Value,Mid Value
14213.0,405,1,1192.2,6,At Risk,At Risk
13824.0,33,12,3314.76,14,High Value,High Value
16978.0,78,3,768.88,9,Mid Value,Mid Value
16392.0,270,3,763.05,8,Mid Value,Mid Value
15765.0,667,1,370.63,4,At Risk,At Risk
14656.0,169,5,814.65,10,Mid Value,Mid Value
15258.0,169,2,623.16,8,Mid Value,Mid Value
16828.0,93,2,128.5,7,Mid Value,At Risk
17151.0,735,1,231.90000000000003,4,At Risk,At Risk
16406.0,19,3,552.68,10,Mid Value,Mid Value
14464.0,568,2,111.0,4,At Risk,At Risk
13381.0,32,12,8224.37,14,High Value,High Value
16208.0,45,10,3440.45,14,High Value,High Value
16784.0,20,5,896.53,12,High Value,High Value
14306.0,51,6,3151.4,13,High Value,High Value
14744.0,16,14,3885.08,15,High Value,High Value
16418.0,45,5,1101.94,11,Mid Value,Mid Value
16335.0,552,7,2774.0,9,Mid Value,Mid Value
13648.0,400,8,1764.02,10,Mid Value,Mid Value
17271.0,736,1,210.39,4,At Risk,At Risk
17539.0,618,4,1226.57,9,Mid Value,Mid Value
17145.0,513,4,3120.91,10,Mid Value,Mid Value
17569.0,332,1,344.14,6,At Risk,At Risk
16057.0,16,10,3854.85,15,High Value,High Value
17890.0,323,2,602.09,7,Mid Value,Mid Value
16756.0,215,7,1312.3700000000001,10,Mid Value,Mid Value
16822.0,686,1,181.39,4,At Risk,At Risk
13040.0,9,2,676.99,10,Mid Value,Mid Value
13671.0,395,1,194.95,4,At Risk,At Risk
13190.0,544,3,570.66,6,At Risk,At Risk
17913.0,59,14,3479.64,14,High Value,High Value
17275.0,383,1,114.52,5,At Risk,At Risk
17343.0,355,6,1259.94,10,Mid Value,Mid Value
12863.0,52,6,2792.5499999999997,12,High Value,High Value
14870.0,262,6,1838.95,10,Mid Value,Mid Value
15356.0,31,13,3464.95,14,High Value,High Value
17640.0,87,6,3168.94,12,High Value,High Value
18246.0,24,3,758.8199999999999,10,Mid Value,Mid Value
14458.0,381,1,237.42,4,At Risk,At Risk
14271.0,226,2,219.13,5,At Risk,At Risk
15754.0,51,9,3037.61,14,High Value,High Value
17707.0,185,8,609.3000000000001,10,Mid Value,Mid Value
16899.0,8,8,1721.02,14,High Value,High Value
14349.0,10,1,133.5,7,Mid Value,Mid Value
14318.0,460,1,158.02,3,At Risk,At Risk
13334.0,82,5,6263.75,12,High Value,High Value
17281.0,374,6,797.8499999999999,9,Mid Value,Mid Value
18245.0,7,20,6324.9800000000005,15,High Value,High Value
14077.0,41,6,615.0799999999999,11,Mid Value,Mid Value
13063.0,481,1,188.4,3,At Risk,At Risk
13954.0,2,2,439.92,9,Mid Value,Mid Value
17716.0,23,24,15956.97,14,High Value,High Value
12652.0,331,2,1017.03,7,Mid Value,Mid Value
14461.0,148,13,6713.5,13,High Value,High Value
17927.0,722,1,294.0,5,At Risk,At Risk
15998.0,37,16,8308.34,14,High Value,High Value
13035.0,74,3,1364.2,10,Mid Value,Mid Value
16028.0,596,1,82.2,3,At Risk,At Risk
15379.0,169,8,4877.84,13,High Value,High Value
16889.0,195,6,2530.9,10,Mid Value,Mid Value
16870.0,469,1,450.15999999999997,5,At Risk,At Risk
12439.0,683,2,1158.18,6,At Risk,At Risk
13690.0,59,1,172.25,6,At Risk,At Risk
14416.0,22,2,490.22,8,Mid Value,Mid Value
16533.0,19,3,1095.56,11,Mid Value,Mid Value
12821.0,214,2,220.8,5,At Risk,At Risk
17858.0,6,30,12797.65,15,High Value,High Value
13916.0,464,4,1275.81,8,Mid Value,Mid Value
16919.0,156,24,5125.91,13,High Value,High Value
18204.0,71,3,1993.7,10,Mid Value,Mid Value
15545.0,54,2,428.05,8,Mid Value,Mid Value
15157.0,4,5,2654.11,13,High Value,High Value
14962.0,271,4,366.91,7,Mid Value,Mid Value
15672.0,725,1,45.300000000000004,3,At Risk,At Risk
12930.0,78,2,415.8,7,Mid Value,Mid Value
14190.0,666,1,79.9,3,At Risk,At Risk
13404.0,1,2,252.49,8,Mid Value,Mid Value
17228.0,16,13,3177.24,15,High Value,High Value
17681.0,597,5,731.2,8,Mid Value,Mid Value
17505.0,162,5,2435.48,11,Mid Value,Mid Value
17528.0,1,8,3628.5,15,High Value,High Value
17316.0,420,1,124.45,4,At Risk,At Risk
13795.0,388,4,836.3,8,Mid Value,Mid Value
15371.0,662,1,59.400000000000006,3,At Risk,At Risk
16686.0,47,16,5070.92,14,High Value,High Value
15974.0,39,7,3442.15,13,High Value,High Value
13697.0,39,1,151.29999999999998,6,At Risk,At Risk
16226.0,203,5,672.1700000000001,9,Mid Value,Mid Value
15941.0,637,1,405.0,4,At Risk,At Risk
14485.0,39,1,165.75,6,At Risk,At Risk
16501.0,383,1,1237.23,7,Mid Value,Mid Value
15666.0,472,2,632.9399999999999,6,At Risk,At Risk
13853.0,57,1,1090.14,8,Mid Value,Mid Value
12846.0,682,1,15.58,3,At Risk,At Risk
13009.0,673,1,234.0,3,At Risk,At Risk
18231.0,192,28,6880.97,12,High Value,High Value
17117.0,288,1,116.19999999999999,5,At Risk,At Risk
15010.0,36,1,308.94,7,Mid Value,Mid Value
18126.0,61,1,206.82999999999998,6,At Risk,At Risk
15556.0,24,1,279.77,6,At Risk,Mid Value
12751.0,445,1,268.27,3,At Risk,At Risk
15510.0,331,1,250.0,4,At Risk,At Risk
14668.0,445,1,111.63,3,At Risk,At Risk
15077.0,495,2,2428.08,7,Mid Value,Mid Value
15718.0,540,1,293.79,4,At Risk,At Risk
17479.0,633,1,389.26000000000005,5,At Risk,At Risk
13914.0,12,2,626.45,10,Mid Value,Mid Value
14762.0,264,2,417.57,6,At Risk,At Risk
17191.0,28,15,4836.05,14,High Value,High Value
15656.0,45,4,748.5,11,Mid Value,Mid Value
17453.0,18,2,486.71999999999997,10,Mid Value,Mid Value
16121.0,57,5,1477.09,12,High Value,High Value
13886.0,71,1,243.56,5,At Risk,At Risk
16793.0,57,1,243.84,7,Mid Value,Mid Value
15525.0,2,4,1295.7,12,High Value,High Value
17894.0,72,18,2453.38,12,High Value,High Value
15198.0,92,5,571.35,9,Mid Value,Mid Value
13989.0,66,5,2026.06,11,Mid Value,Mid Value
13621.0,117,1,213.85,5,At Risk,At Risk
16898.0,26,5,1016.37,11,Mid Value,Mid Value
17423.0,46,3,1118.95,10,Mid Value,Mid Value
13836.0,399,2,620.37,7,Mid Value,Mid Value
13229.0,226,1,160.95,4,At Risk,At Risk
15853.0,52,1,110.8,6,At Risk,Mid Value
16244.0,212,2,2579.38,8,Mid Value,Mid Value
17962.0,142,4,687.42,10,Mid Value,Mid Value
16381.0,396,2,258.7,5,At Risk,At Risk
16203.0,59,6,1114.54,11,Mid Value,Mid Value
12895.0,42,2,372.8,8,Mid Value,Mid Value
15649.0,336,4,2170.35,10,Mid Value,Mid Value
17180.0,56,11,2256.98,13,High Value,High Value
16242.0,8,14,7474.4,15,High Value,High Value
18180.0,5,6,1843.75,13,High Value,High Value
15213.0,319,2,328.35,6,At Risk,At Risk
14095.0,723,1,2.95,3,At Risk,At Risk
17745.0,478,2,600.34,6,At Risk,At Risk
13322.0,17,1,199.48000000000002,7,Mid Value,Mid Value
17986.0,56,1,20.8,7,Mid Value,Mid Value
14573.0,180,13,2621.42,12,High Value,High Value
15312.0,75,12,2930.19,13,High Value,High Value
16486.0,538,1,134.36,3,At Risk,At Risk
13695.0,31,16,2770.73,13,High Value,High Value
14142.0,373,2,983.15,7,Mid Value,Mid Value
17672.0,50,7,5778.63,13,High Value,High Value
15962.0,449,1,295.83,4,At Risk,At Risk
15867.0,5,31,9063.95,15,High Value,High Value
14703.0,15,1,318.17,8,Mid Value,Mid Value
17081.0,25,6,964.39,11,Mid Value,Mid Value
16261.0,17,6,1059.45,12,High Value,High Value
14127.0,123,6,1900.0800000000002,11,Mid Value,Mid Value
18184.0,15,1,49.8,8,Mid Value,Mid Value
13891.0,378,3,863.5600000000001,8,Mid Value,Mid Value
15865.0,41,5,2248.92,12,High Value,High Value
17753.0,464,4,390.56,7,Mid Value,Mid Value
18045.0,45,1,189.4,7,Mid Value,At Risk
14456.0,5,9,3062.4,15,High Value,High Value
14704.0,11,11,1813.57,14,High Value,High Value
17159.0,22,5,2099.59,12,High Value,High Value
17964.0,32,2,733.46,10,Mid Value,Mid Value
15272.0,57,6,2085.48,12,High Value,High Value
13907.0,692,1,136.8,3,At Risk,At Risk
13176.0,46,1,492.84,7,Mid Value,Mid Value
16602.0,36,2,763.33,9,Mid Value,Mid Value
15465.0,20,32,12655.65,15,High Value,High Value
14916.0,71,8,3042.95,13,High Value,High Value
13425.0,108,5,3403.63,12,High Value,High Value
14005.0,10,5,2874.72,14,High Value,High Value
14989.0,662,1,342.4,4,At Risk,At Risk
12680.0,1,4,880.81,11,Mid Value,Mid Value
18164.0,37,1,399.65000000000003,8,Mid Value,Mid Value
15816.0,542,2,144.14999999999998,4,At Risk,At Risk
16611.0,186,6,1785.13,11,Mid Value,Mid Value
13558.0,6,4,605.06,10,Mid Value,Mid Value
14054.0,65,1,92.46,5,At Risk,At Risk
